<?xml version="1.0" encoding="UTF-8"?>
<!DOCTYPE hibernate-mapping PUBLIC "-//Hibernate/Hibernate Mapping DTD 3.0//EN" "http://hibernate.sourceforge.net/hibernate-mapping-3.0.dtd">
<hibernate-mapping>
	<class name="bean.Student" table="STUDENTS">
		<id name="sid" column="sid">
			<generator class="assigned"></generator>
		</id>
		<property name="sname" column="sname" ></property>
		<property name="mail" column="mail" ></property>
		<property name="pass" column="pass" ></property>
		
	</class>
</hibernate-mapping>
