<?xml version="1.0" encoding="UTF-8"?>
<!DOCTYPE hibernate-mapping PUBLIC "-//Hibernate/Hibernate Mapping DTD 3.0//EN" "http://hibernate.sourceforge.net/hibernate-mapping-3.0.dtd">
<hibernate-mapping>
	<class name="bean.Teacher" table="TEACHER">
		<id name="tid" column="tid">
			<generator class="assigned"></generator>
		</id>
		<property name="tname" column="tname" ></property>
		<property name="mail1" column="mail1" ></property>
		<property name="pass1" column="pass1" ></property>
		
	</class>
</hibernate-mapping>
